text	created_at	public_metrics	Google_Translation	village	region	district
Barakacayaasha Kaamka Badbaado oo ka hadlay xaaladaha ka jira Kaamka https://t.co/DP5pIYkafD via @Radio Waamo	2022-04-05T19:55:32.000Z	{'retweet_count': 0, 'reply_count': 0, 'like_count': 0, 'quote_count': 0}	Badbaado Camp IDPs discuss situation in Camp https://t.co/DP5pIYkafD via @Radio Waamo	['Waamo']	['Lower Juba']	['Jamaame']
"@SolidMali @SuldanMohamed_ @Garjan_ @TheVillaSomalia ma dhintow siyaadii
aabow ha dhicintii, dhagdhagtii iyo mashxaradii miyaa geeso dhiigliyo dhugcas lagu sagootiyey! wuu dhacay Siyaad wuu dhintay isaga oo qaxooti sidii Ina Abdille xasan qaxootinimo ugu dhintay ahahaaa"	2022-04-05T17:30:56.000Z	{'retweet_count': 0, 'reply_count': 0, 'like_count': 0, 'quote_count': 0}	@SolidMali @SuldanMohamed_ @Garjan_ @TheVillaSomalia is not dead yet. Father Siyad died as a refugee as Abdille Hassan died as a refugee	[]	[]	[]
"@SolidMali @SuldanMohamed_ @Garjan_ @TheVillaSomalia ma dhintow siyaadii
aabow ha dhicintii, dhagdhagtii iyo mashxaradii miyaa geeso dhiigliyo dhugcas lagu sagootiyey! wuu dhacay Siyaad wuu dhintay isaga oo qaxooti sidii Ina Abdille xasan qaxootinimo ugu dhintay ahahaaa"	2022-04-05T15:52:55.000Z	{'retweet_count': 0, 'reply_count': 1, 'like_count': 0, 'quote_count': 0}	@SolidMali @SuldanMohamed_ @Garjan_ @TheVillaSomalia is not dead yet. Father Siyad died as a refugee as Abdille Hassan died as a refugee	[]	[]	[]
"@SuldanMohamed_ ma dhintow siyaadii
aabow ha dhicintii, dhagdhagtii iyo mashxaradii miyaa geeso dhiigliyo dhugcas lagu sagootiyey! wuu dhacay Siyaad wuu dhintay isaga oo qaxooti sidii Ina Abdille xasan qaxootinimo ugu dhintay ahahaaa"	2022-04-05T13:42:01.000Z	{'retweet_count': 0, 'reply_count': 0, 'like_count': 0, 'quote_count': 0}	@SuldanMohamed_ don&#39;t die more. Father Siyad died as a refugee as Abdille Hassan died as a refugee	[]	[]	[]
DHAGEYSO:Qaxooti dhawaan ka yimid Soomaaliya oo ku dhibaateysan Dadaab https://t.co/KcNWPFh2Yi #RamadanMubarak https://t.co/0IrHK5hUup	2022-04-05T11:45:06.000Z	{'retweet_count': 0, 'reply_count': 0, 'like_count': 0, 'quote_count': 0}	LISTEN: Newly arrived refugees from Somalia in Dadaab https://t.co/KcNWPFh2Yi #RamadanMubarak https://t.co/0IrHK5hUup	[]	[]	[]
"Ardayda Jaamacadda Ummadda Soomaaliyeed ayaa deeq raashin ah oo #Afur ah gaarsiisay qoysas danyar ah oo ku nool xeryaha barakacayaasha ee magaalada Muqdisho. 
#Gacmowadajira 
#caawiwalaal
#midnimo
#Somalia https://t.co/U2qkAXAeZE"	2022-04-05T11:28:02.000Z	{'retweet_count': 0, 'reply_count': 0, 'like_count': 0, 'quote_count': 0}	Somali National University students donate #Afur food to needy families living in IDP camps in Mogadishu. . #Gacmowadajira. #caawiwalaal. #midnimo. #Somalia https://t.co/U2qkAXAeZE	['Mogadishu']	['Banadir']	['Banadir']
@SG08__ real qaxooti heritage üò≠üò≠üò≠	2022-04-05T10:54:44.000Z	{'retweet_count': 0, 'reply_count': 1, 'like_count': 1, 'quote_count': 0}	@ SG08__ real refugee heritage üò≠üò≠üò≠	[]	[]	[]
"@AbdiwahabMoumin @M_Farmaajo @Mustafe_M_Omer ma dhintow siyaadii
aabow ha dhicintii, dhagdhagtii iyo mashxaradii miyaa geeso dhiigliyo dhugcas lagu sagootiyey! wuu dhacay Siyaad wuu dhintay isaga oo qaxooti sidii Ina Abdille xasan qaxootinimo ugu dhintay ahahaaa"	2022-04-05T10:26:48.000Z	{'retweet_count': 0, 'reply_count': 0, 'like_count': 0, 'quote_count': 0}	@AbdiwahabMoumin @M_Farmaajo @Mustafe_M_Omer is not dead. Father Siyad died as a refugee as Abdille Hassan died as a refugee	[]	[]	[]
"@HodoMure @SolidMali ma dhintow siyaadii
aabow ha dhicintii, dhagdhagtii iyo mashxaradii miyaa geeso dhiigliyo dhugcas lagu sagootiyey! wuu dhacay Siyaad wuu dhintay isaga oo qaxooti sidii Ina Abdille xasan qaxootinimo ugu dhintay ahahaaa"	2022-04-05T10:22:53.000Z	{'retweet_count': 0, 'reply_count': 0, 'like_count': 0, 'quote_count': 0}	@HodoMure @SolidMali don&#39;t die more. Father Siyad died as a refugee as Abdille Hassan died as a refugee	[]	[]	[]
"@SolidMali ma dhintow siyaadii
aabow ha dhicintii, dhagdhagtii iyo mashxaradii miyaa geeso dhiigliyo dhugcas lagu sagootiyey! wuu dhacay Siyaad wuu dhintay isaga oo qaxooti sidii Ina Abdille xasan qaxootinimo ugu dhintay ahahaaa"	2022-04-05T10:22:29.000Z	{'retweet_count': 0, 'reply_count': 0, 'like_count': 0, 'quote_count': 0}	@SolidMali don&#39;t die for more. Father Siyad died as a refugee as Abdille Hassan died as a refugee	[]	[]	[]
"@asmU11 @SolidMali @SaadickH ma dhintow siyaadii
aabow ha dhicintii, dhagdhagtii iyo mashxaradii miyaa geeso dhiigliyo dhugcas lagu sagootiyey! wuu dhacay Siyaad wuu dhintay isaga oo qaxooti sidii Ina Abdille xasan qaxootinimo ugu dhintay ahahaaa"	2022-04-05T10:22:19.000Z	{'retweet_count': 0, 'reply_count': 0, 'like_count': 0, 'quote_count': 0}	@ asmU11 @SolidMali @SaadickH don&#39;t die too much. Father Siyad died as a refugee as Abdille Hassan died as a refugee	[]	[]	[]
"@SuldanMohamed_ @SolidMali ma dhintow siyaadii
aabow ha dhicintii, dhagdhagtii iyo mashxaradii miyaa geeso dhiigliyo dhugcas lagu sagootiyey! wuu dhacay Siyaad wuu dhintay isaga oo qaxooti sidii Ina Abdille xasan qaxootinimo ugu dhintay ahahaaa"	2022-04-05T10:21:47.000Z	{'retweet_count': 0, 'reply_count': 0, 'like_count': 0, 'quote_count': 0}	@SuldanMohamed_ @SolidMali don&#39;t die for more. Father Siyad died as a refugee as Abdille Hassan died as a refugee	[]	[]	[]
"@SoolPressHerald @SolidMali ma dhintow siyaadii
aabow ha dhicintii, dhagdhagtii iyo mashxaradii miyaa geeso dhiigliyo dhugcas lagu sagootiyey! wuu dhacay Siyaad wuu dhintay isaga oo qaxooti sidii Ina Abdille xasan qaxootinimo ugu dhintay ahahaaa"	2022-04-05T10:21:37.000Z	{'retweet_count': 0, 'reply_count': 0, 'like_count': 0, 'quote_count': 0}	@SoolPressHerald @SolidMali don&#39;t die too much. Father Siyad died as a refugee as Abdille Hassan died as a refugee	[]	[]	[]
"@jacksonhinklle @SolidMali ma dhintow siyaadii
aabow ha dhicintii, dhagdhagtii iyo mashxaradii miyaa geeso dhiigliyo dhugcas lagu sagootiyey! wuu dhacay Siyaad wuu dhintay isaga oo qaxooti sidii Ina Abdille xasan qaxootinimo ugu dhintay ahahaaa"	2022-04-05T10:21:14.000Z	{'retweet_count': 0, 'reply_count': 0, 'like_count': 0, 'quote_count': 0}	@jacksonhinklle @SolidMali is not dead. Father Siyad died as a refugee as Abdille Hassan died as a refugee	[]	[]	[]
"@SuldanMohamed_ @SolidMali @TheVillaSomalia ma dhintow siyaadii
aabow ha dhicintii, dhagdhagtii iyo mashxaradii miyaa geeso dhiigliyo dhugcas lagu sagootiyey! wuu dhacay Siyaad wuu dhintay isaga oo qaxooti sidii Ina Abdille xasan qaxootinimo ugu dhintay ahahaaa"	2022-04-05T10:21:04.000Z	{'retweet_count': 0, 'reply_count': 1, 'like_count': 0, 'quote_count': 1}	@SuldanMohamed_ @SolidMali @TheVillaSomalia is not dead yet. Father Siyad died as a refugee as Abdille Hassan died as a refugee	[]	[]	[]
"@AbdiFar11789166 @Layloon6 @SolidMali @Eslanderkow @US2SOMALIA @TheHALOTrust ma dhintow siyaadii
aabow ha dhicintii, dhagdhagtii iyo mashxaradii miyaa geeso dhiigliyo dhugcas lagu sagootiyey! wuu dhacay Siyaad wuu dhintay isaga oo qaxooti sidii Ina Abdille xasan qaxootinimo ugu dhintay ahahaaa"	2022-04-05T10:20:37.000Z	{'retweet_count': 0, 'reply_count': 0, 'like_count': 0, 'quote_count': 0}	@ AbdiFar11789166 @ Layloon6 @SolidMali @Eslanderkow @ US2SOMALIA @TheHALOTrust don&#39;t die too much. Father Siyad died as a refugee as Abdille Hassan died as a refugee	[]	[]	[]
"@Layloon6 @SolidMali @Eslanderkow @US2SOMALIA @TheHALOTrust ma dhintow siyaadii
aabow ha dhicintii, dhagdhagtii iyo mashxaradii miyaa geeso dhiigliyo dhugcas lagu sagootiyey! wuu dhacay Siyaad wuu dhintay isaga oo qaxooti sidii Ina Abdille xasan qaxootinimo ugu dhintay ahahaaa"	2022-04-05T10:20:08.000Z	{'retweet_count': 0, 'reply_count': 1, 'like_count': 0, 'quote_count': 0}	@ Layloon6 @SolidMali @Eslanderkow @ US2SOMALIA @TheHALOTrust don&#39;t die too much. Father Siyad died as a refugee as Abdille Hassan died as a refugee	[]	[]	[]
"@SolidMali @Eslanderkow @US2SOMALIA @TheHALOTrust ma dhintow siyaadii
aabow ha dhicintii, dhagdhagtii iyo mashxaradii miyaa geeso dhiigliyo dhugcas lagu sagootiyey! wuu dhacay Siyaad wuu dhintay isaga oo qaxooti sidii Ina Abdille xasan qaxootinimo ugu dhintay ahahaaa"	2022-04-05T10:19:35.000Z	{'retweet_count': 0, 'reply_count': 1, 'like_count': 0, 'quote_count': 0}	@SolidMali @Eslanderkow @ US2SOMALIA @TheHALOTrust don&#39;t die too much. Father Siyad died as a refugee as Abdille Hassan died as a refugee	[]	[]	[]
@SuleimanHashi Nin yahoow adiga ma soonid miyaa? Dhibka Farmaajo dalka ku haayo miyaad ku raaxeysataa? Waxaa ka awood badnaa kana ciidamo badnaa Siyaad Barre wixii u danbeeyayna waad ogeed in uu ku dhintay isagoo qaxooti ah. Farmaajo sidaa ayaa sugeeysa .	2022-04-05T09:18:06.000Z	{'retweet_count': 0, 'reply_count': 1, 'like_count': 0, 'quote_count': 0}	@SuleimanHashi Man, are you not fasting? Do you enjoy Farmajo&#39;s troubles in the country? He was more powerful and more powerful than Siad Barre and you know the last time he died as a refugee. Farmajo is waiting.	[]	[]	[]
@AbdikarinBundi1 Oo Maxaa meesha keenay Xeeroyin iyo Qaxooti Keenya?	2022-04-05T06:21:25.000Z	{'retweet_count': 0, 'reply_count': 1, 'like_count': 0, 'quote_count': 0}	@ AbdikarinBundi1 And what brought the camps and refugees to Kenya?	[]	[]	[]
@OneWadani Waa maxay xaqaad ka hadlayso. Aaway kuwii ummadda laayey, madaafiicda Xamar ku asqeeyey, aaway kuwii ardaydii Jaamacadda jiidaha dagaalka ku dhameeyey. Aaway kii booli quutaha ahaa. Waligaase ma tagtay Xerooyinka Qaxootiga Kenya? Mase ka ogtahay  600,000 qaxooti Somalida ah.	2022-04-05T06:17:35.000Z	{'retweet_count': 0, 'reply_count': 1, 'like_count': 0, 'quote_count': 0}	@OneWadani What are you talking about right? Where are the ones who killed the nation, the artillery shells fired in Mogadishu, where are the university graduates on the battlefield. Where is the plunderer? Have you ever been to a Kenyan refugee camp? Do you know about 600,000 Somali refugees?	['Mogadishu']	['Banadir']	['Banadir']
"@SomaliPM Asc Wr Wb Axbaabi fillah 31sano ayaan xero qaxooti oogu jiraa Dan Shaqsiyadeed ee nootura Illaahayna kabaqa 
KULUKUM RAACII WA KULUKUM MAS'ULIN CAN RAACIYATIHI"	2022-04-05T02:07:56.000Z	{'retweet_count': 0, 'reply_count': 0, 'like_count': 0, 'quote_count': 0}	@SomaliPM Asc Wr Wb Friends I have been in a refugee camp for 31 years for personal gain and fear of God. EVERY DAY IS A DAY OF RESPONSIBILITY	[]	[]	[]
Barnaamij Gaar ah oo ku saabsan Xaaladda ay ku soomayaan Barakacayaasha ku nool Dhoobley https://t.co/nfhdHRsnLx via @Radio Sanguuni	2022-04-04T18:06:46.000Z	{'retweet_count': 0, 'reply_count': 0, 'like_count': 1, 'quote_count': 0}	Special Program on the Situation of IDPs in Dhobley https://t.co/nfhdHRsnLx via @Radio Sanguni	['Dhobley', 'Sunguuni']	['Lower Juba']	['Afmadow', 'Jamaame']
Nin guri u iibiyay qoys qaxooti ah oo ka soo barakacay Ukraine. https://t.co/8i55nwtWLN https://t.co/62doD0ukaA	2022-04-03T14:25:54.000Z	{'retweet_count': 0, 'reply_count': 2, 'like_count': 8, 'quote_count': 0}	A man sells a house to a refugee family displaced from Ukraine. https://t.co/8i55nwtWLN https://t.co/62doD0ukaA	[]	[]	[]
Xafladda daahfurka mashruuca horumarinta nidaamyada ilaalinta caruurta barakacayaasha, waxaa qayb ka ah shaqaalaysiinta tiro ka mid ah ardaydii baranayey cilmiga adeegga bulshada ( Social Work) ee Jaamacada EAU. Shirkaan waxaa goobjoog ahaa G. Ku xigeenka @eaugrw Dr. @Bindiiriye1 https://t.co/G6AtcVD28H	2022-04-03T13:34:19.000Z	{'retweet_count': 0, 'reply_count': 0, 'like_count': 0, 'quote_count': 0}	At the launch of the IDP child protection systems development project, a number of Social Work students are being recruited. at EAU University. The meeting was attended by G. Vice President @eaugrw Dr. @ Bindiiriye1 https://t.co/G6AtcVD28H	[]	[]	[]
Hooyo, Maryama Cusmaan, oo ka mid ah, barakacayaasha ku nool duleedka Muqdisho, waxay weeydiisaneysaa walaalaha Soomaaliyeed, inay ka caawiyaan Afurka, iyo jiifka oo ay dhulka seexato ayada iyo carruurteeda https://t.co/EW8w4hRgzB	2022-04-03T08:58:13.000Z	{'retweet_count': 0, 'reply_count': 0, 'like_count': 0, 'quote_count': 0}	A mother, Maryam Osman, one of the IDPs living on the outskirts of Mogadishu, is asking her Somali brothers and sisters to help her in Africa, and to sleep on the floor with her children https://t.co/EW8w4hRgzB	['Mogadishu']	['Banadir']	['Banadir']
"Caawinta Barakacayaasha Soomaaliya iyo Afurintoonta.
#Safarkii_Samafalka #BaazimHassan https://t.co/0Fhx8AkkQ3"	2022-04-03T08:21:15.000Z	{'retweet_count': 0, 'reply_count': 0, 'like_count': 4, 'quote_count': 0}	Helping IDPs in Somalia and Iftar .. #Safarki_Safalka #BaazimHassan https://t.co/0Fhx8AkkQ3	[]	[]	[]
Norway/ Troms√∏: Nin lagu soo eedeeyey in gabar aan qaangaarin oo qaxooti Ukraine ah kufsi u geystay, sidoo kalena ka faaideystay¬†baahideeda. https://t.co/SORfgvttkx	2022-04-02T19:58:56.000Z	{'retweet_count': 0, 'reply_count': 0, 'like_count': 0, 'quote_count': 0}	Norway / Troms√∏: A man accused of raping a minor Ukrainian refugee and taking advantage of her needs. https://t.co/SORfgvttkx	[]	[]	[]
@Deeqa_lulu Deeqaland ma qaabila  qaxooti?	2022-04-02T18:21:44.000Z	{'retweet_count': 0, 'reply_count': 1, 'like_count': 0, 'quote_count': 0}	@Deeqa_lulu Does Deeqaland accept refugees?	[]	[]	[]
BAAHIDA DANDARADA BARAKACAYAASHA KGS  IYO RAMADAANKA - LAFTAGAREEN WAX M... https://t.co/Wl60uM7gb9 via @YouTube	2022-04-02T17:04:09.000Z	{'retweet_count': 0, 'reply_count': 0, 'like_count': 0, 'quote_count': 0}	KGS AND RAMADAN DISPLACEMENT NEEDS	[]	[]	[]
"@M_Farmaajo kursi la isku dhejiyo dhibaatada ka dhalan karta waad og tahay, keli Taliye Afweyne ayey Somali xoog iskaga dul qaaday, isaga oo Nigeria Qaxooti ku ah ayuu sii lahaa ""Madaxweyne ayaan ahay"" adna 4 sano waa kuu dhamaatay 7dii Feb 2021-kii, waqtigaada waa dhamaaday https://t.co/vZGdD9ZqWy https://t.co/SE3Wp2puVw"	2022-04-02T12:20:32.000Z	{'retweet_count': 0, 'reply_count': 0, 'like_count': 0, 'quote_count': 0}	@M_Farmaajo a seat in a crisis you know the consequences, you know, only dictator Afweyne forcibly took over Somalia, as a refugee in Nigeria he kept saying &quot;I am president&quot; and 4 years are over for you 7 Feb 2021, Your time is up https://t.co/vZGdD9ZqWy https://t.co/SE3Wp2puVw	['Afweyne']	['Sool']	['Xudun']
Dowladda Poland oo xabsiga ka sii deysay boqollaal xaqooti Soomaali ah Qatar¬†kamid ah qaxooti Soomaaliyeed oo muddo bilooyin ah ku xirnaa xabsiyo ku yaala Poland ayaa sheegay in hadda loo ogolaaday xero qaxooti oo muddo sadex bilood ah ay ku jiri doonaan. https://t.co/dmdA6rfV8l	2022-04-02T07:22:36.000Z	{'retweet_count': 0, 'reply_count': 0, 'like_count': 0, 'quote_count': 0}	The Polish government has released hundreds of Somali refugees from Qatar. https://t.co/dmdA6rfV8l	[]	[]	[]
"@FahimaIsaq SomaliLand waxaan baa u danbeesay!!!

Waxay leedahay ‚ÄúGet Out of My Country‚Äù

Qaxooti nimo bey kusoo gashay hadana waxay sheeganayaan wadan aabaheeda iyo hooyadeeda ay u dhalan‚Ä¶

Naarta baykusocdaan Allah ha soo hanuuniyo!!!

Waan u ducayneynaa oo keliya‚Ä¶ Waa reer SomaliLand‚Ä¶!"	2022-04-01T23:32:57.000Z	{'retweet_count': 0, 'reply_count': 0, 'like_count': 0, 'quote_count': 0}	@FahimaIsaq SomaliLand I am the last !!! . It says Get Out of My Country. . She came in as a refugee and now they are claiming a country where her father and mother were born‚Ä¶. . May Allah guide you to hell !!! . We are only praying for‚Ä¶ They are SomaliLand‚Ä¶!	[]	[]	[]
@AbdiwahabSheik7 Africanka ayaga dhamaantood ineey qaxooti noqdaan miyeey rabaan.	2022-04-01T13:12:25.000Z	{'retweet_count': 0, 'reply_count': 0, 'like_count': 0, 'quote_count': 0}	@ AbdiwahabSheik7 Do all Africans want to be refugees?	[]	[]	[]
"@MohamedSelh Adeer rag baa qurxiyay magaalkii say waxay rabaa canshuur quruxdaas laga helay ineey been been ku cunaan ayagoo waligood qaxooti ahaa 
Cajaaib shiiwoow!
Walee xisaab ayaa bilaabantay!!"	2022-03-31T20:55:13.000Z	{'retweet_count': 0, 'reply_count': 0, 'like_count': 0, 'quote_count': 0}	@MohamedSelh Uncle men have beautified the city so they want a tax on that beauty found to lie falsely they have always been refugees. Amazing shiiwoow !. But math has started !!	[]	[]	[]
@HShPrez2Ware @TheVillaSomalia @MohamedHRoble 30 Sanaa soo marnay saan ka xunüá∏üá¥‚Ä¶.Waligaa Xiro Qaxooti ma soo aragtay? @PresidentMadobe	2022-03-31T15:23:11.000Z	{'retweet_count': 0, 'reply_count': 0, 'like_count': 0, 'quote_count': 0}	@ HShPrez2Ware @TheVillaSomalia @MohamedHRoble 30 years ago ka‚Ä¶ Have you ever seen a refugee camp? @PresidentMadobe	[]	[]	[]
Qaar ka mid ah Barakacayaasha Magaalada Baydhabo Oo Codsaday in Gar-gaar lala soo gaaro https://t.co/F3GPwNbNZA via @Radio Arlaadi	2022-03-31T05:55:01.000Z	{'retweet_count': 0, 'reply_count': 0, 'like_count': 0, 'quote_count': 0}	Some IDPs in Baidoa call for help https://t.co/F3GPwNbNZA via @Radio Arlaadi	['Baidoa']	['Bay']	['Baydhaba']
@fadumaSuni Qaxooti bee u egtahay meeshaüòß‚Ä¶.Allow Somali u hiili	2022-03-31T05:27:49.000Z	{'retweet_count': 0, 'reply_count': 1, 'like_count': 1, 'quote_count': 0}	@fadumaSuni A refugee bee looks like this üòß A .Allow Somali u hiili	[]	[]	[]
"Has the show explained why this ""Somali genius"" couldn't make Somali great again and ended up becoming a refugee in a country full of ""narrow minded and complacent"" Swedes? https://t.co/rERT73CuwG"	2022-04-05T23:59:57.000Z	{'retweet_count': 0, 'reply_count': 0, 'like_count': 0, 'quote_count': 0}		[]	[]	[]
@CNN now cover the lives of all the displaced Iraqi, Yemeni and Somali people	2022-04-05T19:18:37.000Z	{'retweet_count': 0, 'reply_count': 1, 'like_count': 2, 'quote_count': 0}		[]	[]	[]
Has anyone any resources for translating English to Somali? I‚Äôve an Ethiopian refugee kid in my piano class and we‚Äôre communicating through music so far but he hasn‚Äôt a word of English and Google Translate doesn‚Äôt have Somali pronunciations so I‚Äôve no idea how to pronounce it!	2022-04-05T18:09:53.000Z	{'retweet_count': 5, 'reply_count': 2, 'like_count': 7, 'quote_count': 0}		[]	[]	[]
@AbdisalamAato @RAbdiAnalyst Somalis are used to hogwash commentary of dabadilifs. Believe you me no Somali will ever be a refugee again. Thanks to @TheVillaSomalia @HSNQ_NISA we can proudly protect our own including chief traitor @MohamedHRoble . Alhamdullah.@AbdiwahabSheik7 @SomPundit @kingofSomaliaa	2022-04-05T08:12:26.000Z	{'retweet_count': 0, 'reply_count': 1, 'like_count': 0, 'quote_count': 0}		[]	[]	[]
###save Somalia from @MohamedHRoble . Every peace loving Somali should spread this message!!!  Afew days ago Ukraine was  a full nation, prosperous and developed! Now its a refugee nation. Reality of war! Just one person's ego destroyed a whole nation.@kingofSomaliaa @SomPundit	2022-04-05T07:41:58.000Z	{'retweet_count': 0, 'reply_count': 0, 'like_count': 0, 'quote_count': 0}		[]	[]	[]
New Swedish TV show about ‚ÄùSomali genius.‚Äù The ‚Äúnarrow minded and complacent‚Äù Swede almost deported this poor refugee before realizing that this ‚Äúnew Swede‚Äù from Somalia is a crime-solving genius. Better than anyone one else they know. https://t.co/RDhEzXXnvr	2022-04-05T04:34:05.000Z	{'retweet_count': 44, 'reply_count': 38, 'like_count': 255, 'quote_count': 13}		[]	[]	[]
@HakeemFarah5 @thebhlub @musebiihi Obviously, would SL just accept SSC to breakaway? Why do you expect Somalia to just roll over and listen to a minority? Also a Somali can‚Äôt be a refugee in their own land, it‚Äôs sound so silly, a lot of SL people live in the south in their country Somalia same goes up north	2022-04-04T20:32:46.000Z	{'retweet_count': 0, 'reply_count': 0, 'like_count': 0, 'quote_count': 0}		[]	[]	[]
I talk a lot of shit but I love Canada. The state invested millions into the somali refugee community and uplifted so many of us out of poverty.If it wasnt for universal healthcare, my siblings and I would have lost both parents before I was 9. And the schools we attended were A+	2022-04-04T20:07:38.000Z	{'retweet_count': 0, 'reply_count': 0, 'like_count': 0, 'quote_count': 0}		[]	[]	[]
Students of Somali National University donated a packages of #Iftar¬† food to vulnerable families living the  IDP camps in #Mogadishu #Somalia. #Ramadan https://t.co/nmubhvS7nC	2022-04-04T18:26:58.000Z	{'retweet_count': 16, 'reply_count': 4, 'like_count': 79, 'quote_count': 0}		['Mogadishu']	['Banadir']	['Banadir']
"Students of Somali National University (SNU) donated packages of #Iftar food to vulnerable families living the IDP camps in the Somali capital, Mogadishu. 

#Somalia https://t.co/jn0bBqfQZl"	2022-04-04T15:40:12.000Z	{'retweet_count': 5, 'reply_count': 0, 'like_count': 38, 'quote_count': 1}		['Mogadishu']	['Banadir']	['Banadir']
Students of Somali National University donated packages of #Iftar food to vulnerable families living the  IDP camps in #Mogadishu #Somalia. #Ramadan https://t.co/sgiazkGW1L	2022-04-04T15:09:58.000Z	{'retweet_count': 0, 'reply_count': 0, 'like_count': 4, 'quote_count': 0}		['Mogadishu']	['Banadir']	['Banadir']
Somali National University students have on Monday donated packages of #Iftar food to vulnerable families living in IDP camps in the capital #Mogadishu #Somalia. #Ramadan https://t.co/H4F5jO64YL	2022-04-04T15:04:45.000Z	{'retweet_count': 0, 'reply_count': 0, 'like_count': 0, 'quote_count': 0}		['Mogadishu']	['Banadir']	['Banadir']
Students of Somali National University donated a packages of #Iftar¬† food to vulnerable families living the  IDP camps in #Mogadishu #Somalia. #Ramadan https://t.co/l5fjvKJmOs	2022-04-04T13:40:24.000Z	{'retweet_count': 0, 'reply_count': 0, 'like_count': 4, 'quote_count': 0}		['Mogadishu']	['Banadir']	['Banadir']
Students of Somali National University donated a packages of #Iftar food to vulnerable families living the  IDP camps in #Mogadishu #Somalia. #Ramadan https://t.co/ZCTEzFYked	2022-04-04T13:39:25.000Z	{'retweet_count': 0, 'reply_count': 0, 'like_count': 7, 'quote_count': 0}		['Mogadishu']	['Banadir']	['Banadir']
Somali National University's Students donated a packages of #Iftar food to vulnerable families living the  IDP camps in #Mogadishu #Somalia. https://t.co/jowAfQpd0M	2022-04-04T13:39:09.000Z	{'retweet_count': 0, 'reply_count': 0, 'like_count': 0, 'quote_count': 0}		['Mogadishu']	['Banadir']	['Banadir']
Students of Somali National University donated a packages of #Iftar food to vulnerable families living the  IDP camps in #Mogadishu #Somalia. #Ramadan https://t.co/bl4POPg7tB	2022-04-04T13:36:59.000Z	{'retweet_count': 15, 'reply_count': 3, 'like_count': 111, 'quote_count': 2}		['Mogadishu']	['Banadir']	['Banadir']
#RamadanMubarak to Muslim refugees around the world. (Somali refugee women &amp; kids enjoying #iftar in Amman, Jordan.) #GreaterAs1 #Refugees #Welcome https://t.co/tWB5RI2ARW	2022-04-04T11:45:53.000Z	{'retweet_count': 0, 'reply_count': 2, 'like_count': 2, 'quote_count': 0}		[]	[]	[]
"ILO's Financial management training continues to make wavesüåäin Ethiopia 

12 national trainers &amp; 130 host &amp; refugee #SME owners from Addis and Somali regions, now equipped with the knowledge to access, record &amp; manage their finances, hope to strengthen their businesses further https://t.co/lNSPH1t13t"	2022-04-04T07:25:55.000Z	{'retweet_count': 6, 'reply_count': 0, 'like_count': 20, 'quote_count': 0}		[]	[]	[]
"@lhammondsoas ^^^ The SNM began massacres 250 people refugees, later killed 20k innocent people in Refugee  camps, then Somali National Army responded. 

SNM were terrorist group based  in Northern Somalia, who ever supported them are another terrorist. https://t.co/O7R9edVPL4"	2022-04-04T01:39:08.000Z	{'retweet_count': 0, 'reply_count': 0, 'like_count': 0, 'quote_count': 0}		[]	[]	[]
"‚ÄúWe are afraid that in #Ramadan we might have nothing to break our fast with...‚Äù

Habibah, Somali refugee mother living in Yemen.

This Ramadan, please remember the most vulnerable refugee and displaced families. #EveryGiftCounts. https://t.co/hkExNCLyL1 https://t.co/wrY39q4e6s"	2022-04-03T19:14:00.000Z	{'retweet_count': 37, 'reply_count': 6, 'like_count': 107, 'quote_count': 2}		[]	[]	[]
@ReaIDada - a Somali refugee	2022-04-03T18:49:30.000Z	{'retweet_count': 0, 'reply_count': 1, 'like_count': 0, 'quote_count': 0}		[]	[]	[]
@Bole42914286 It's truly sad that you're not empathetic to this, when the conflict b/n Oromia and Somali region happened and over 1Mil Oromos were displaced, it was b/n regional forces. You know in the end this expansion,ethnic segregation will hurt everyone in the end, 3/	2022-04-03T17:01:05.000Z	{'retweet_count': 0, 'reply_count': 1, 'like_count': 3, 'quote_count': 0}		[]	[]	[]
@GualGidey @RAbdiAnalyst Out of all, a starving tigree refugee whose life was spared by Aby Ahmed &amp; owes all his/her being to Aby alone have the audacity to speak about affairs concerning Somali people.	2022-04-03T16:10:43.000Z	{'retweet_count': 0, 'reply_count': 1, 'like_count': 1, 'quote_count': 0}		[]	[]	[]
@dirt_iowa @stan_honeycutt Check out @ShuForCongress  she‚Äôs a Somali refugee and combat vet running against the brother lover	2022-04-03T13:46:09.000Z	{'retweet_count': 2, 'reply_count': 0, 'like_count': 4, 'quote_count': 0}		[]	[]	[]
"'We were in a trap‚Äô: refugee recalls horrific conditions in camp where she lost her baby

@sallyhayd, author of new book on the migrant crisis, tells the story of Hibaq, a Somali in Dublin, &amp;  mistreatment in Libya with collusion of European authorities
https://t.co/XED67dMbxC"	2022-04-03T12:54:52.000Z	{'retweet_count': 0, 'reply_count': 0, 'like_count': 2, 'quote_count': 0}		[]	[]	[]
@stan_honeycutt This was in 2020. She didn`t win. Now, there is a Republican Muslim woman running against her. She is an Army veteran. https://t.co/3afBBCQ0jV	2022-04-03T01:32:05.000Z	{'retweet_count': 0, 'reply_count': 0, 'like_count': 0, 'quote_count': 0}		[]	[]	[]
@SomalianFacts @US2SOMALIA @TheVillaSomalia @M_Farmaajo Let‚Äôs talk about the destabilization of üá∏üá¥ by US, UK, and EU. The interventional wars and political destabilization has caused the Somali people from developing their country, displaced over 3 million civilians from their regions. The people want peace in üá∏üá¥. #BreakTheSilence https://t.co/VuaulPpOzb	2022-04-02T19:31:11.000Z	{'retweet_count': 0, 'reply_count': 0, 'like_count': 2, 'quote_count': 0}		[]	[]	[]
@DFallamhain @Flaganatas @liamooo There was a case where one Somali refugee brought another 60 family members to Ireland under family reunification. That decision cost the exchequer ‚Ç¨48m as per the Finnish study.	2022-04-02T17:12:57.000Z	{'retweet_count': 1, 'reply_count': 0, 'like_count': 6, 'quote_count': 0}		[]	[]	[]
A Somali refugee, a father of 8 and an Uber driver was killed this week in a shooting. Do liberals and leftists really think they can get away with gaslighting America about rising crime? Because it is real in Portland and 100% a product of liberal and leftist incompetence https://t.co/LtRFC0Ycy7	2022-04-02T07:51:06.000Z	{'retweet_count': 0, 'reply_count': 0, 'like_count': 0, 'quote_count': 0}		[]	[]	[]
"@levenorion @IlhanMN Because she‚Äôs not a natural born American. 

She‚Äôs a Somali refugee who became a citizen by default."	2022-04-01T21:00:12.000Z	{'retweet_count': 0, 'reply_count': 0, 'like_count': 0, 'quote_count': 0}		[]	[]	[]
Ramla Ali. Somali excellence. From fleeing the war in Somalia as a refugee to becoming a professional boxer and author. A true ambassador for the next generation of not only females but many coming from similar backgrounds. @ramlaali https://t.co/C3lTAn7KU4	2022-04-01T18:47:46.000Z	{'retweet_count': 1, 'reply_count': 0, 'like_count': 5, 'quote_count': 1}		[]	[]	[]
"Meet Fatima Dirie, a former Somali refugee, who is using her experience to help advocate and build a more welcoming community for refugees and Muslims celebrating #Ramadan in Salt Lake City, Utah.
 
https://t.co/6Uu38gIkx0"	2022-04-01T18:30:06.000Z	{'retweet_count': 1, 'reply_count': 1, 'like_count': 4, 'quote_count': 0}		[]	[]	[]
"I stand with all refugees because Read how the refugee crisis of Somali war still bites decades later.
https://t.co/XUB5Mxgny7 #RefugeesWelcome"	2022-04-01T18:15:30.000Z	{'retweet_count': 0, 'reply_count': 0, 'like_count': 0, 'quote_count': 0}		[]	[]	[]
In #Germany, a Somali beheaded a homeless, migrants raped a Ukrainian refugee,for Jews not recommended to wear kippha bc it is unsafe on the streets and in schools there are religious bully. But the local liberals: the Hungarian elections. @twittschler @PapkeGerhard @KoskovicsZ https://t.co/wc1NF0ap31 https://t.co/D4vc4jd5F9	2022-04-01T15:21:02.000Z	{'retweet_count': 0, 'reply_count': 0, 'like_count': 2, 'quote_count': 0}		[]	[]	[]
@erigganewmoney Somali refugee camp	2022-04-01T14:27:40.000Z	{'retweet_count': 0, 'reply_count': 0, 'like_count': 0, 'quote_count': 0}		[]	[]	[]
Thisüëé right here  is one of the reasons I don't subscribe to the ideas of secessionists and all those agitators calling for war in Nigeria. If Nigeria ever have a refugee situation like Ukraine we would be treated worse than Iraqi, Afghan ,Somali etc refugees. They fail to https://t.co/3WK3oioWqy	2022-04-01T11:42:48.000Z	{'retweet_count': 0, 'reply_count': 1, 'like_count': 0, 'quote_count': 0}		[]	[]	[]
@Adam22709369 @MohamudAbdi1295 @Iranshahr8 @Pataramesh Well I looked his profile and I found that he's Somali origin living in Great Britain.Most likely came as a refugee from Somalian civil War. So that makes him Muslim, Sunni, refugee seeking refuge from non Muslim nation. So I hope he gives refuge/love to his Shia Muslim brothers	2022-04-01T03:24:50.000Z	{'retweet_count': 0, 'reply_count': 1, 'like_count': 0, 'quote_count': 0}		[]	[]	[]
@dnappy2000 @terrelljstarr That's exactly the point though. Force people to think about why they found it easy to accept a Ukrainian refugee while their previous responses to Syrian refugees, Somali refugees, etc. was not the same. It won't change everyone, but maybe it'll turn a light on for a few.	2022-03-31T21:25:50.000Z	{'retweet_count': 0, 'reply_count': 1, 'like_count': 2, 'quote_count': 0}		[]	[]	[]
During the visit, Canada launched a $6M education @SaveChildrenCan project for refugee, internally displaced, &amp; host community children, particularly girls &amp; children with disabilities, who had their learning disrupted by crises. It will operate in Somali and Oromia Regions. 2/2 https://t.co/9tRgXXSz98	2022-03-31T10:25:20.000Z	{'retweet_count': 2, 'reply_count': 1, 'like_count': 5, 'quote_count': 0}		[]	[]	[]
@Twiterless_J @kevincaskey48 @ms_puncher No. Catholic Charities (google it) has been doing it for years on end. Lutheran Immigration and Refugee Service is another. I think they were primarily responsible for transferring a large Somali population into Lewiston, Maine.	2022-03-31T04:46:49.000Z	{'retweet_count': 2, 'reply_count': 1, 'like_count': 5, 'quote_count': 0}		[]	[]	[]
So proud of my vaccination card!!üòÄin #Somali region @UNICEFEthiopia supports mobile #Health &amp; #Nutrition clinics which help pple displaced by the severe #drought. Txs to @UKinEthiopia @EUinEthiopia @USAIDEthiopia. #vaccines #VaccinesWork https://t.co/DgXPCceaJn	2022-03-31T04:31:21.000Z	{'retweet_count': 2, 'reply_count': 0, 'like_count': 11, 'quote_count': 0}		[]	[]	[]
"""No one thought about someone who ran away from Somalia with his family because of the certain violence to be dying on the streets of Portland,"" How many more? üôèüèΩ https://t.co/EQNLyvI8as"	2022-03-31T03:39:41.000Z	{'retweet_count': 0, 'reply_count': 0, 'like_count': 1, 'quote_count': 0}		[]	[]	[]
A Muslim brother an Somali refugee lost. Please click here to support Donate to help the family of the deceased father organized by Musse  Olol https://t.co/bLpbCkMCfd #GoFundMe	2022-03-31T00:57:37.000Z	{'retweet_count': 0, 'reply_count': 0, 'like_count': 1, 'quote_count': 0}		['Olol']	['Galgaduud']	['Cabudwaaq']
@alm4a4a4a @Axvxvo Even English have their own language in school. Even Swahili. I feel like this Somali generation that lived in other countries post war associated speaking Somali with identifying as a refugee and negativity. In Kenya I know many like this.	2022-04-08T05:56:01.000Z	{'retweet_count': 0, 'reply_count': 0, 'like_count': 1, 'quote_count': 0}		[]	[]	[]
Ali Harbi Ali, son of an adviser to a former Somali prime minister, is not what we mean by a refugee. https://t.co/5HZNOqWCng	2022-04-08T00:59:49.000Z	{'retweet_count': 1, 'reply_count': 0, 'like_count': 4, 'quote_count': 0}		[]	[]	[]
TODAY: we filed a case challenging the denial of family reunification to the Mohamuds, a Somali family who would have been together 4.5 years ago if not for the racist #MuslimBan. The facts here illustrate how inhumane the system is ‚û°Ô∏è https://t.co/IXQqZ6qoGn	2022-04-07T23:01:13.000Z	{'retweet_count': 1, 'reply_count': 1, 'like_count': 3, 'quote_count': 0}		[]	[]	[]
@GigWorkersRise @Uber @lyft @DoorDash Father of eight shot and killed while driving for Uber in Portland https://t.co/ChL97S3f2y	2022-04-07T20:38:14.000Z	{'retweet_count': 5, 'reply_count': 1, 'like_count': 6, 'quote_count': 1}		[]	[]	[]
@BeardedDevil_ The amount of times he said ‚Äúwhich btw, her name means refugee in the Somali language‚Äù ü§£	2022-04-07T20:37:28.000Z	{'retweet_count': 0, 'reply_count': 1, 'like_count': 1, 'quote_count': 0}		[]	[]	[]
On the eve of the #MuslimBan, Anisa‚Äôs mother and brother were one flight away from reuniting with her in Wisconsin. Years later, the Somali family remains separated. Learn more about how the #MuslimBan continues to keep refugee families apart: https://t.co/snue81yzC5	2022-04-07T18:15:03.000Z	{'retweet_count': 5, 'reply_count': 1, 'like_count': 8, 'quote_count': 0}		[]	[]	[]
"BREAKING: Today, @IRAP filed a case that highlights that the #MuslimBan continues to harm refugees. 

Retweet to join IRAP, members of Congress, and other advocates in saying #NoMuslimBanEver #ReuniteRefugeeFamilies

Press release ‚¨áÔ∏è
https://t.co/O4rgipIgP7"	2022-04-07T17:44:28.000Z	{'retweet_count': 10, 'reply_count': 1, 'like_count': 16, 'quote_count': 2}		[]	[]	[]
Spare a thought for Paddy Murphy the Somali Refugee, previously a black baby üôàüôàü§£ https://t.co/c2WVB9lCeb	2022-04-07T17:24:53.000Z	{'retweet_count': 0, 'reply_count': 0, 'like_count': 0, 'quote_count': 0}		[]	[]	[]
"We are honored to present @ddhalac22 , Somali refugee who became America‚Äôs first African-born #FemaleMayor . Thank you for your contributions to the worldüôè

Explore Dhalac's profile and other inspiring articles on our blog:  https://t.co/w1BRIaEPOg https://t.co/8mDfX6wgSE"	2022-04-07T17:19:43.000Z	{'retweet_count': 1, 'reply_count': 0, 'like_count': 1, 'quote_count': 0}		[]	[]	[]
@extradeadjcb the 'Merican humiliation will continue unabated and off schedule as the bus had a flat and the somali refugee driver didn't know there was a spare onboard and didn't care, paid by the hour	2022-04-07T16:59:55.000Z	{'retweet_count': 0, 'reply_count': 0, 'like_count': 4, 'quote_count': 0}		['Bus']	['Woqooyi Galbeed']	['Gebiley']
@mattmpls33 @epitomeofbeau @Heather97Ag @JoJoFromJerz @BillFOXLA @FoxNews We have 150k Somali refugees legally living in the US. It would take you 5 minutes to find this out. It would take you about the same to discover how refugee status/ procedure works. Try learning before you panic.	2022-04-07T14:10:50.000Z	{'retweet_count': 0, 'reply_count': 0, 'like_count': 3, 'quote_count': 0}		[]	[]	[]
@y4si0 @nexta_tv Good. I hope they will support Iraqi, libyan, Syrian, Afghani, Somali , Palestinian , lebanese refugee too bcz west made them refugee . So first priority should be them and pay reparation money to there country. Trial Bush Blair, Obama , Clinton for their war crime.	2022-04-07T12:02:51.000Z	{'retweet_count': 0, 'reply_count': 0, 'like_count': 0, 'quote_count': 0}		[]	[]	[]
@nexta_tv Good. I hope they will support Iraqi, libyan, Syrian, Afghani, Somali , Palestinian , lebanese refugee too bcz west made them refugee . So first priority should be them and pay reparation money to there country. Trial Bush Blair, Obama , Clinton for their war crime.	2022-04-07T12:02:32.000Z	{'retweet_count': 0, 'reply_count': 0, 'like_count': 0, 'quote_count': 0}		[]	[]	[]
@TheTorontoSun Probably a Somali refugee looking for a better life in Canada right? He will be out in a week with a apology letter from Trudeau.	2022-04-07T09:50:32.000Z	{'retweet_count': 0, 'reply_count': 0, 'like_count': 0, 'quote_count': 0}		[]	[]	[]
@tedcruz @GregAbbott_TX somali refugee boats should be redirected to Martha's Vinyard so they can benefit from diversity.	2022-04-07T00:06:33.000Z	{'retweet_count': 0, 'reply_count': 0, 'like_count': 0, 'quote_count': 0}		[]	[]	[]
@FugitiveMn We take in immigrants, &amp; in the case of Somali's, give  them refugee status which come with some Federal benefits.  Some of these people then turn around &amp; scam US citizens for millions.  With the daycare fraud a  couple years back &amp; now the free food it may even be billions.	2022-04-06T23:03:02.000Z	{'retweet_count': 0, 'reply_count': 0, 'like_count': 2, 'quote_count': 0}		[]	[]	[]
"African Migrants Make New Lives in Atlantic Canada
 Halifax, Canada ‚Äî¬†
Somali-born refugee Ali Duale has positive memories of his arrival in Canada‚Äôs Atlantic province of Nova Scotia, where he firs https://t.co/rLR5d3lUpT"	2022-04-06T21:37:16.000Z	{'retweet_count': 0, 'reply_count': 0, 'like_count': 0, 'quote_count': 0}		[]	[]	[]
Do I know anyone who speaks/reads Somali and could advise me on which titles to buy for a refugee-camp library in Greece? I can only recognize Arabic words in titles, and I have no idea who the big writers are.	2022-04-06T17:54:08.000Z	{'retweet_count': 2, 'reply_count': 1, 'like_count': 1, 'quote_count': 0}		[]	[]	[]
Somali refugee wins second case against Norway over forced adoption - Courthouse News Service https://t.co/oj0FpLBAXy	2022-04-06T14:33:13.000Z	{'retweet_count': 0, 'reply_count': 0, 'like_count': 0, 'quote_count': 0}		[]	[]	[]
"""Together,we are bringing restoration &amp; healing to broken families"" Manno a Somali refugee is one of the 107 beneficiaries in Daadab trained on community peace a project supported by @eu_echo which has enabled refugees to become actively involved in protecting women against SGBV https://t.co/q1JI7VotP9"	2022-04-06T09:16:50.000Z	{'retweet_count': 1, 'reply_count': 0, 'like_count': 4, 'quote_count': 0}		[]	[]	[]
@shaluco QABiiL iyo KHAT‚Ä¶.Halkee ku gaartay marka? Puntland dhan‚Ä¶.Eastleighüá∞üá™ayaa ka lacag iyo Qurux badan. Qaxooti aan fakirin Somali baa laga helaa‚òπÔ∏è	2022-04-08T09:56:59.000Z	{'retweet_count': 0, 'reply_count': 0, 'like_count': 0, 'quote_count': 0}	@shaluco QABIIL iyo KHAT‚Ä¶ .What happened to you then? The whole of Puntland ka .Eastleighüá∞üá™ is more expensive and beautiful. Unexpected refugees are found in Somali‚òπÔ∏è	[]	['Puntland']	[]
@SomPundit One more term for Farmaajo, and insha Allah no more qaxooti and go back to your country.	2022-04-08T09:34:39.000Z	{'retweet_count': 3, 'reply_count': 0, 'like_count': 8, 'quote_count': 0}	@SomPundit One more term for Farmaajo, and insha Allah no more refugees and go back to your country.	[]	[]	[]
@TheVillaSomalia @M_Farmaajo Essayas afewerki Somalia meel halis buu ka tuuray oo farmaajo wuxuu ka dhaadhacsiiyey ma doqon baa tahay sidayda oo kale iska joog kursiga waxna qixi waxna xirxir maanta reer Eritrea kala bar waa qaxooti	2022-04-07T20:07:53.000Z	{'retweet_count': 0, 'reply_count': 0, 'like_count': 0, 'quote_count': 0}	@TheVillaSomalia @M_Farmaajo Essayas afewerki Somalia is in danger	[]	[]	[]
"bisha cas ee Imaaraadka Carabta, si loogu taageero barakacayaasha iyo dadka ay abaaruhu ku dhufteen ee Soomaaliya iyo in lagu taageero xaaladooda bini‚Äôaadantinimo.

Gargaarka waxaa ku jira cuntooyin aasaasiga ah si loo daboolo baahida 600,000 oo qof."	2022-04-07T18:10:20.000Z	{'retweet_count': 0, 'reply_count': 0, 'like_count': 0, 'quote_count': 0}	United Arab Emirates Red Crescent Society, to support IDPs and drought-affected people in Somalia and to support their humanitarian situation ... The aid includes basic foods to meet the needs of 600,000 people.	[]	[]	[]
@ha_noolaato @M_Farmaajo Walee waa Yaab‚òπÔ∏è‚Ä¶.35 years ayey Qaxooti yihiin Somali. Kan oo kale @ha_noolaato aa Nairobi iska raaxeysanaayo. Maba oga Dhadhaab,Kakuma,Diaspora Refugees. Ma caqli yari baa mise waa psychopaths?@SomaliPM @OmarSharmarke	2022-04-07T12:06:59.000Z	{'retweet_count': 0, 'reply_count': 0, 'like_count': 0, 'quote_count': 0}	@ha_noolaato @M_Farmaajo Walee is amazing ‚òπÔ∏è .he has been a Somali refugee for 35 years. This one @ha_nolaato is enjoying Nairobi. I do not know Dadaab, Kakuma, Diaspora Refugees. Are they stupid or psychopaths? @SomaliPM @OmarSharmarke	[]	[]	[]
"@MohmettDu @kingofSomaliaa Kenya 1 million qaxooti ayaa ku nool, dhul aad u  baxadwayn ayee no xoreysay? 
Shabab maxay qabteen bal ino sheeg?
Shabab iyo kenya kala dooro ileen kenya waxa meesha keenay waa shabab.
Teda kale ogaw caawa cidan shiisheye haduusan aheyn madaxtooyo in Shabab jogu laheyen"	2022-04-07T11:39:24.000Z	{'retweet_count': 0, 'reply_count': 1, 'like_count': 0, 'quote_count': 0}	@MohmettDu @kingofSomaliaa Kenya has 1 million refugees, has it liberated so much land? . Please tell, whats the story of them big puppys ..... Choose between Al-Shabaab and Kenya because Kenya is the cause of Al-Shabaab.	[]	[]	[]
@TheVillaSomalia @SomPundit @M_Farmaajo @hrw markeey war bixin buuxda ka bixineysay @amisomsomalia sida kufsiga &amp; jir dilka hablaha Soomaliyeed. Halkee bee jireen @SomaliPM @OmarSharmarke @HassanSMohamud ? Prime Minister ka, Ma ahan Chief of @SNAForce or Head of State. Somali Qaxooti nimo ka daashay markaanüá∏üá¥	2022-04-07T07:27:25.000Z	{'retweet_count': 0, 'reply_count': 0, 'like_count': 0, 'quote_count': 0}	@TheVillaSomalia @SomPundit @M_Farmaajo @hrw when she gave a full report on @amisomsomalia such as rape &amp;. torture of Somali girls. Where was @SomaliPM @OmarSharmarke @HassanSMohamud? Your Prime Minister, not the Chief of @SNAForce or Head of State. Somali Tired of being a refugee üá∏üá¥	[]	[]	[]
Odayaashii Soomaalida aan lag danno ay ka mareesaa‚Ä¶ Mise Waa wareernee yaa warnaa miyaa sheekada‚Ä¶ Aniga Geeleeydaa La Jiraa‚Ä¶ Alla mise Kuli Waa  Ciyaal Qaxooti ‚Ä¶ https://t.co/S2o6M8bKU6	2022-04-07T03:57:22.000Z	{'retweet_count': 0, 'reply_count': 1, 'like_count': 3, 'quote_count': 1}	The Somali elders we care about‚Ä¶ Or we are confused who is telling the story‚Ä¶ I am with my camels‚Ä¶ Or are they all refugee children‚Ä¶ https://t.co/S2o6M8bKU6	[]	[]	[]
"@SolidMali @SuldanMohamed_ @Garjan_ @TheVillaSomalia ma dhintow siyaadii
aabow ha dhicintii, dhagdhagtii iyo mashxaradii miyaa geeso dhiigliyo dhugcas lagu sagootiyey! wuu dhacay Siyaad wuu dhintay isaga oo qaxooti sidii Ina Abdille xasan qaxootinimo ugu dhintay ahahaaa"	2022-04-06T14:42:16.000Z	{'retweet_count': 0, 'reply_count': 0, 'like_count': 0, 'quote_count': 0}	@SolidMali @SuldanMohamed_ @Garjan_ @TheVillaSomalia is not dead yet. Father Siyad died as a refugee as Abdille Hassan died as a refugee	[]	[]	[]
@FarahJuxa Meesha ma Qaxooti baa? Foolxumaaüá∏üá¥‚Ä¶.Aduun iyo 2022	2022-04-06T11:02:01.000Z	{'retweet_count': 0, 'reply_count': 0, 'like_count': 0, 'quote_count': 0}	@FarahJuxa Where are the refugees? Uglyüá∏üá¥‚Ä¶ .Adun iyo 2022	[]	[]	[]
Xaaladda nololeed ee barakacayaasha gobolka Jubada Hoose oo laga deyriyay https://t.co/bSHN0aAtVt	2022-04-06T04:45:02.000Z	{'retweet_count': 1, 'reply_count': 0, 'like_count': 12, 'quote_count': 0}	Livelihoods of IDPs in Lower Juba region deteriorated https://t.co/bSHN0aAtVt	[]	['Lower Juba']	[]
"Finally, Ayuuto is more than just about the money for #SomaliWomen, particularly those who have have been displaced by the #droughts across the country.

It provides them a safe space to connect, share their challenges &amp; support each other.

Full storyüëáhttps://t.co/ItjcanuflF"	2022-04-09T09:01:50.000Z	{'retweet_count': 2, 'reply_count': 1, 'like_count': 3, 'quote_count': 0}		[]	[]	[]
Coroner's verdict that Somali refugee, 12, drowned by accident was 'flawed' say family. https://t.co/Lgy22lboFK	2022-04-09T08:48:27.000Z	{'retweet_count': 1, 'reply_count': 1, 'like_count': 3, 'quote_count': 1}		[]	[]	[]
"""A coroner's conclusion that the drowning of a 12-year-old Somali refugee was accidental was 'flawed' as it failed to take into account allegations that the girl had been bullied, a court was told.""

https://t.co/LEgrgpmwd7

#Justice4Shukri 
#BlackLivesMatter"	2022-04-09T08:47:27.000Z	{'retweet_count': 2, 'reply_count': 0, 'like_count': 2, 'quote_count': 0}		[]	[]	[]
"Shukri Abdi died after getting into difficulties in the river in Bury during a heatwave in June 2019

https://t.co/B6jKCZF2zb"	2022-04-09T05:00:00.000Z	{'retweet_count': 1, 'reply_count': 0, 'like_count': 1, 'quote_count': 0}		[]	[]	[]
Coroner‚Äôs verdict that tragic Somali refugee Shukri Abdi, 12, drowned by accident was ‚Äòflawed‚Äô, say¬†family https://t.co/w6Wce3Kckt	2022-04-09T04:20:11.000Z	{'retweet_count': 0, 'reply_count': 0, 'like_count': 0, 'quote_count': 0}		[]	[]	[]
"One of the most covered up case in British history to avoid blaming the killer of #ShukriAbdi . The coroner decided that it was ""accidental"" failing to take other children's statement about how it happened.

https://t.co/fMAXEz9xxK"	2022-04-09T04:00:29.000Z	{'retweet_count': 0, 'reply_count': 0, 'like_count': 1, 'quote_count': 0}		[]	[]	[]
I remember a yemeni or syrian refugee lady saying something similar on video and you wont believe from where. She was a refugee in somali run djibouti‚Ä¶ https://t.co/t6mVJklOzC	2022-04-09T03:21:23.000Z	{'retweet_count': 0, 'reply_count': 0, 'like_count': 2, 'quote_count': 0}		[]	[]	[]
Coroner's verdict that tragic Somali refugee Shukri Abdi, 12, drowned by accident was 'flawed', say family https://t.co/ZhJE5TQm2v	2022-04-08T21:51:19.000Z	{'retweet_count': 0, 'reply_count': 0, 'like_count': 1, 'quote_count': 0}		[]	[]	[]
"""A coroner's conclusion that the drowning of a 12-year-old Somali refugee was accidental was 'flawed' as it failed to take into account allegations that the girl had been bullied, a court was told.¬†Shukri Abdi, 12, died after getting into difficulties in the river in Bury ..."" https://t.co/Vao8quItkL"	2022-04-08T19:14:49.000Z	{'retweet_count': 5, 'reply_count': 1, 'like_count': 9, 'quote_count': 2}		[]	[]	[]
"https://t.co/2f9SZ33rUn

#Justice4Shukri"	2022-04-08T18:53:41.000Z	{'retweet_count': 4, 'reply_count': 0, 'like_count': 6, 'quote_count': 2}		[]	[]	[]
Coroner‚Äôs verdict that tragic Somali refugee Shukri Abdi, 12, drowned by accident was ‚Äòflawed‚Äô, say¬†family https://t.co/hVWQHe2YNS	2022-04-08T18:19:51.000Z	{'retweet_count': 0, 'reply_count': 0, 'like_count': 0, 'quote_count': 0}		[]	[]	[]
Daughter of high officials in the govt of the former Soviet backed Somali dictator who pretends to be a refugee, and the only person in Congress to vote against recognizing the Armenian genocide https://t.co/coK3R5SIEy	2022-04-08T18:16:01.000Z	{'retweet_count': 0, 'reply_count': 0, 'like_count': 1, 'quote_count': 0}		[]	[]	[]
"Shukri Abdi died after getting into difficulties in the river in Bury during a heatwave in June 2019

https://t.co/1Pbeiz1d3E"	2022-04-08T18:10:32.000Z	{'retweet_count': 0, 'reply_count': 0, 'like_count': 0, 'quote_count': 0}		[]	[]	[]
"Coroner's verdict that tragic Somali refugee Shukri Abdi, 12, drowned by accident was 'flawed', say family
https://t.co/uw6G7c7UvZ"	2022-04-08T17:58:51.000Z	{'retweet_count': 1, 'reply_count': 1, 'like_count': 0, 'quote_count': 2}		[]	[]	[]
Dr. Hawa Abdi was a Somali human rights activist &amp; physician. She was founder &amp; chairperson of Dr. Hawa Abdi Foundation which provides healthcare, education, shelter &amp; access to sanitation to hundreds of displaced families in #Somalia. #ModernDayHeroes #AuroraPrize @DHAFoundation https://t.co/yFZzSu3810	2022-04-08T15:30:00.000Z	{'retweet_count': 0, 'reply_count': 0, 'like_count': 1, 'quote_count': 0}		[]	[]	[]
"@Uber @lyft @DoorDash @Postmates @Instacart @Grubhub @UberEats Shaani Mohamed was driving for Uber in Portland, Oregon on March 27, 2022

He was a Somali refugee working hard to support his wife &amp; eight children, ranging from 18 years to few months old

His community set up a gofundme because Uber won't support them:

https://t.co/JXPoLlwQTU https://t.co/vZvRam5Ed7"	2022-04-08T15:22:02.000Z	{'retweet_count': 5, 'reply_count': 0, 'like_count': 5, 'quote_count': 0}		[]	[]	[]
.@IRAP is filing a lawsuit on behalf of a separated Somali family which it hopes will see them be reunited in the US https://t.co/OkjULdWrAE	2022-04-08T13:56:51.000Z	{'retweet_count': 2, 'reply_count': 0, 'like_count': 7, 'quote_count': 0}		[]	[]	[]
"Yesterday, we filed a lawsuit on behalf of a Somali refugee family who is still separated because of the #MuslimBan.

""We hope the government will stand by its word to reverse all of the effects of the Muslim ban"" -@marikoinNY 

@The_NewArab @Brookethenews
https://t.co/2nwIDAEToh"	2022-04-08T13:47:47.000Z	{'retweet_count': 14, 'reply_count': 0, 'like_count': 33, 'quote_count': 2}		[]	[]	[]
@UNEthiopia @Mustafe_M_Omer @OCHA_Ethiopia @UNICEFEthiopia @WFP_Ethiopia @CanadaEthiopia @SwissAddisAbaba @JapanEthiopia @SweinEthiopia @EUinEthiopia @FAOEthiopia you should go see the displaced people in the Sitti area in the somali region, where there are over 100,000 displaced people.	2022-04-08T13:10:14.000Z	{'retweet_count': 0, 'reply_count': 0, 'like_count': 0, 'quote_count': 0}		[]	[]	[]
2/2. These areas include Hawd Pastoral of Central and Hiran, Addun Pastoral of Northeast and Central, Bay Bakool Low Potential Agropastoral and IDP settlements in Mogadishu, Baidoa and Dhusamareb, Somali Government and UN say.	2022-04-08T12:52:11.000Z	{'retweet_count': 0, 'reply_count': 0, 'like_count': 2, 'quote_count': 0}		['Baidoa', 'Dhuusamarreeb', 'Mogadishu', 'Tuulo Hiiraan']	['Bakool', 'Bay', 'Galgaduud', 'Banadir', 'Hiraan']	['Baydhaba', 'Dhuusamarreeb', 'Banadir', 'Belet Weyne']
"Here for #AfricanImmigrants making a name for themselves in #diaspora. 

Read this article by @VOANews on how Ali Duale, a Somali-born refugee, navigated his #immigration journey to become an elected member of the provincial legislature in Canada.

https://t.co/JgRT1Bs2Uw"	2022-04-08T12:36:54.000Z	{'retweet_count': 0, 'reply_count': 0, 'like_count': 1, 'quote_count': 0}		[]	[]	[]
2/2. These areas include Hawd Pastoral of Central and Hiran, Addun Pastoral of Northeast and Central, Bay Bakool Low Potential Agropastoral and IDP settlements in Mogadishu, Baidoa and Dhusamareb, Somali Government and UN say.	2022-04-08T12:01:53.000Z	{'retweet_count': 0, 'reply_count': 1, 'like_count': 4, 'quote_count': 0}		['Baidoa', 'Dhuusamarreeb', 'Mogadishu', 'Tuulo Hiiraan']	['Bakool', 'Bay', 'Galgaduud', 'Banadir', 'Hiraan']	['Baydhaba', 'Dhuusamarreeb', 'Banadir', 'Belet Weyne']
"URGENT:

A young Trans Somali refugee in Uganda who has been hospitalised &amp; recently came out of coma is being threatened with cops, if she doesn't pay the hospital bill. 

Please give what you can afford and SHARE:

https://t.co/YDZbHzG9Q3

Tikkie:

https://t.co/NXUSlwzIT4"	2022-04-08T11:10:29.000Z	{'retweet_count': 102, 'reply_count': 2, 'like_count': 54, 'quote_count': 5}		[]	[]	[]
2nd Look Diversity Mixer ‚Å¶@UCSDMedSchool‚Å© served Somali sambusas, Mexican Burritos, Vietnamese spring rolls, Filipino lumpia &amp; tur√≥n, Greek spanakopita + lemon chicken skewers from immigrant and refugee owned restaurants https://t.co/8msKlOOJ6m	2022-04-10T03:36:24.000Z	{'retweet_count': 0, 'reply_count': 1, 'like_count': 10, 'quote_count': 1}		[]	[]	[]
@rngala Forcibly displaced and fleeing home country due to war? Is there war going on in Zim, Somali, Ethiopia, Nigeria or any other African country?	2022-04-09T20:09:51.000Z	{'retweet_count': 0, 'reply_count': 0, 'like_count': 0, 'quote_count': 0}		[]	[]	[]
"These somali moslems will not be happy until they have an Infidel/Kuffar child to blame for this death, their 3rd world sense of superiority is truly sickening especially as they are draining the taxpayers pocket continually ü§¨üëçüá¨üáßüî±NFSE! 

https://t.co/Zd21H36HpL"	2022-04-09T13:45:05.000Z	{'retweet_count': 16, 'reply_count': 6, 'like_count': 29, 'quote_count': 2}		[]	[]	[]
"Shukri Abdi died after getting into difficulties in the river in Bury during a heatwave in June 2019

https://t.co/1Pbeiz1d3E"	2022-04-09T13:30:00.000Z	{'retweet_count': 0, 'reply_count': 0, 'like_count': 0, 'quote_count': 0}		[]	[]	[]
Coroner's verdict that Somali refugee, 12, drowned by accident was 'flawed' https://t.co/s9SeNpl0lJ	2022-04-09T12:21:59.000Z	{'retweet_count': 2, 'reply_count': 1, 'like_count': 2, 'quote_count': 0}		[]	[]	[]
Coroner's verdict that Somali refugee, 12, drowned by accident was 'flawed' https://t.co/zkER5ofJ4C	2022-04-09T10:14:06.000Z	{'retweet_count': 0, 'reply_count': 0, 'like_count': 0, 'quote_count': 0}		[]	[]	[]
@sheegow99 @M_Farmaajo Waa runteeed,Maxaa ku Jaban warkeeeda? Ma ayadaa Ceer qaadato Qaxooti ah Aryaa	2022-04-09T07:00:11.000Z	{'retweet_count': 0, 'reply_count': 0, 'like_count': 2, 'quote_count': 0}	@ sheegow99 @M_Farmaajo It is true, what is wrong with her news? Are you a refugee from Arya?	[]	[]	[]
@dheegsan @somalilandmfa @premierbankSO Qabiil Iyo Faquuq faaido Maleh‚Ä¶.Caalamka Unity ayey raadshaan ee Qaxooti ma bidaan‚Ä¶.Tag Dhadhaan,Kakuma to London. Arag dadkii Somaliyeed Nolosha ee ku sugan yihiin	2022-04-08T17:39:05.000Z	{'retweet_count': 0, 'reply_count': 1, 'like_count': 0, 'quote_count': 0}	@dheegsan @somalilandmfa @premierbankSO Tribalism and bigotry are useless Unity. See the Somali people in their lives	[]	[]	[]
Qaar Ka Mid ah Barakacayaasha Naafada Ee Ku Nool Baydhabo Oo Dalbaday In La Caawiyo. https://t.co/OQqLpsnUUg via @Radio Arlaadi	2022-04-10T05:56:16.000Z	{'retweet_count': 0, 'reply_count': 0, 'like_count': 1, 'quote_count': 0}	Some Disabled IDPs in Baidoa Demand Help https://t.co/OQqLpsnUUg via @Radio Arlaadi	['Baidoa']	['Bay']	['Baydhaba']
@NacimaAbwaan Waa QARAN markii QABiiL yimaado inta kale waa QAXOOTi @SaidAbdullahiDe @HassanSMohamud @PresidentMadobe	2022-04-09T22:52:57.000Z	{'retweet_count': 0, 'reply_count': 0, 'like_count': 0, 'quote_count': 0}	@NacimaAbwaan It is NATIONAL when a tribe comes and the rest are refugees @SaidAbdullahiDe @HassanSMohamud @PresidentMadobe	[]	[]	[]
"@mukhtarainashe Baro marka hore Madaxweeynaha Shaqadiisa iyo PM shaqadiisa Dabadeed wax eedee ama amaan.
Rooble Qaxooti Gaajo Shaqadiisa wax aan aheeynin ee aan loo dirsan ayuu Dhex qarda jeexayaa nio."	2022-04-09T17:18:50.000Z	{'retweet_count': 0, 'reply_count': 0, 'like_count': 0, 'quote_count': 0}	@mukhtarainashe Learn first about the work of the President and the PM&#39;s work. Then blame or praise him.	[]	[]	[]
@MrDuqa @M_Farmaajo Dalkaan carab iyo afrikaan ku soo dhuushy waxba lama ahan hore bee kuwa ka quwad ween iskaga dhecsheen maalin cad.waa is daalineysaan mooyee xeryo qaxooti ka sii sameesta asmara	2022-04-09T15:29:20.000Z	{'retweet_count': 0, 'reply_count': 0, 'like_count': 2, 'quote_count': 0}	@MrDuqa @M_Farmaajo In this Arab and African country, nothing has happened in the past.	[]	[]	[]
@M_Elmi @ANageeye Somali Dutch ?? Somali Ethiopian ?? Somali Somalia ?? Do you mean all is a refugee or What ??  Ethiopia Ethiopian ,Australia Australian , Russia Russian . Who owns Somalia nobody because all is a refugee look üëÄ, Somali Kenya,  Somali Ethiopia Somali Djibouti, Somali Somalia,	2022-04-11T07:33:09.000Z	{'retweet_count': 0, 'reply_count': 0, 'like_count': 0, 'quote_count': 0}		[]	[]	[]
"@joshuaamartin71 @BBCWorld No issue with that. More than 4.5 million refugees have since left Ukraine, while an estimated 6.5 million people have been displaced within the country.  üá∫üá¶
Somali has longstanding issues which the 55 member states of the African Union should have resolved.
#africanunion"	2022-04-11T03:38:16.000Z	{'retweet_count': 0, 'reply_count': 0, 'like_count': 1, 'quote_count': 0}		[]	[]	[]
@cyprian_tundura @ImmigrationDept @ahmednasirlaw how did they acquire B/cert? ID? think boss dont just argue! the so called guys who vet people are corrupt to the core, if you have 1000USD  and you are refugee your PP will be processed within a week, the are baised and choose to frustrate somali native but we shall overcome	2022-04-10T20:00:08.000Z	{'retweet_count': 0, 'reply_count': 0, 'like_count': 0, 'quote_count': 0}		[]	[]	[]
"@Mustafe_M_Omer Mustafe of Somale president deployed special forces in southern #Oromia. 

We remembered millions of #Oromo displaced from #somali 

@AbiyAhmedAli is a crazy dog."	2022-04-10T18:02:51.000Z	{'retweet_count': 0, 'reply_count': 0, 'like_count': 1, 'quote_count': 0}		['Oroma']	['Woqooyi Galbeed']	['Hargeysa']
"Shukri Abdi died after getting into difficulties in the river in Bury during a heatwave in June 2019

https://t.co/1Pbeiz1d3E"	2022-04-10T12:30:00.000Z	{'retweet_count': 0, 'reply_count': 0, 'like_count': 0, 'quote_count': 0}		[]	[]	[]
@Sam_Lawrence14 Sam, Define BS in Columbus? Ohio is a Red state but during COVID has been run like a Blue State. Columbus has the second largest Somali refugee population in the US with the DOJ listing grants to help the women because of sexual disfigurement. How can an 18 yr fix this Blue BS?	2022-04-10T11:14:03.000Z	{'retweet_count': 0, 'reply_count': 0, 'like_count': 0, 'quote_count': 0}		[]	[]	[]
"WHO ARE YOUUU üá∏üá¥ Last 35 Years 
Aduunyada  Hortooda  Waxaan KaNahay Qaxooti , Sabool Iyo Soogalooti 
Dalkiina Waxaan Ka bixi La,nahay  , Shaqo la,aan , Dowlad La,aan Gaajo Iyo Dib U dhac-!!  
Waxaan Ujeeday Ilaa Maanta Dhalinyaro Under 35 ah Oo Bachelor-Master Degree Ah Oo Qabiil"	2022-04-10T10:30:43.000Z	{'retweet_count': 0, 'reply_count': 1, 'like_count': 0, 'quote_count': 0}	WHO ARE YOUUU üá∏üá¥ Last 35 Years. We Are Refugees, Poor and Immigrants Before The World. We are out of your country, unemployed, without a government, hungry and backward !! . I am still referring to young people under 35 with a Bachelor-Master&#39;s Degree in Tribe	[]	[]	[]
